id,name
1,Hotel1
2,Hotel2
3,Hotel3
4,Hotel4
5,Hotel5
6,Hotel6
7,Hotel7
8,Hotel8
9,Hotel9
10,Hotel10
11,Hotel11
12,Hotel12
13,Hotel13
14,Hotel14
15,Hotel15
16,Hotel16
17,Hotel17
18,Hotel18
19,Hotel19
20,Hotel20
21,Hotel21
22,Hotel22
23,Hotel23
24,Hotel24
25,Hotel25
26,Hotel26
27,Hotel27
28,Hotel28
29,Hotel29
30,Hotel30
31,Hotel31
32,Hotel32
33,Hotel33
34,Hotel34
35,Hotel35
36,Hotel36
37,Hotel37
38,Hotel38
39,Hotel39
40,Hotel40
41,Hotel41
42,Hotel42
43,Hotel43
44,Hotel44
45,Hotel45
46,Hotel46
47,Hotel47
48,Hotel48
49,Hotel49
50,Hotel50
51,Hotel51
52,Hotel52
53,Hotel53
54,Hotel54
55,Hotel55
56,Hotel56
57,Hotel57
58,Hotel58
59,Hotel59
60,Hotel60
61,Hotel61
62,Hotel62
63,Hotel63
64,Hotel64
65,Hotel65
66,Hotel66
67,Hotel67
68,Hotel68
69,Hotel69
70,Hotel70
71,Hotel71
72,Hotel72
73,Hotel73
74,Hotel74
75,Hotel75
76,Hotel76
77,Hotel77
78,Hotel78
79,Hotel79
80,Hotel80
81,Hotel81
82,Hotel82
83,Hotel83
84,Hotel84
85,Hotel85
86,Hotel86
87,Hotel87
88,Hotel88
89,Hotel89
90,Hotel90
91,Hotel91
92,Hotel92
93,Hotel93
94,Hotel94
95,Hotel95
96,Hotel96
97,Hotel97
98,Hotel98
99,Hotel99
100,Hotel100
101,Hotel101
102,Hotel102
103,Hotel103
104,Hotel104
105,Hotel105
106,Hotel106
107,Hotel107
108,Hotel108
109,Hotel109
110,Hotel110
111,Hotel111
112,Hotel112
113,Hotel113
114,Hotel114
115,Hotel115
116,Hotel116
117,Hotel117
118,Hotel118
119,Hotel119
120,Hotel120
121,Hotel121
122,Hotel122
123,Hotel123
124,Hotel124
125,Hotel125
126,Hotel126
127,Hotel127
128,Hotel128
129,Hotel129
130,Hotel130
131,Hotel131
132,Hotel132
133,Hotel133
134,Hotel134
135,Hotel135
136,Hotel136
137,Hotel137
138,Hotel138
139,Hotel139
140,Hotel140
141,Hotel141
142,Hotel142
143,Hotel143
144,Hotel144
145,Hotel145
146,Hotel146
147,Hotel147
148,Hotel148
149,Hotel149
150,Hotel150
151,Hotel151
152,Hotel152
153,Hotel153
154,Hotel154
155,Hotel155
156,Hotel156
157,Hotel157
158,Hotel158
159,Hotel159
160,Hotel160
161,Hotel161
162,Hotel162
163,Hotel163
164,Hotel164
165,Hotel165
166,Hotel166
167,Hotel167
168,Hotel168
169,Hotel169
170,Hotel170
171,Hotel171
172,Hotel172
173,Hotel173
174,Hotel174
175,Hotel175
176,Hotel176
177,Hotel177
178,Hotel178
179,Hotel179
180,Hotel180
181,Hotel181
182,Hotel182
183,Hotel183
184,Hotel184
185,Hotel185
186,Hotel186
187,Hotel187
188,Hotel188
189,Hotel189
190,Hotel190
191,Hotel191
192,Hotel192
193,Hotel193
194,Hotel194
195,Hotel195
196,Hotel196
197,Hotel197
198,Hotel198
199,Hotel199
200,Hotel200
201,Hotel201
202,Hotel202
203,Hotel203
204,Hotel204
205,Hotel205
206,Hotel206
207,Hotel207
208,Hotel208
209,Hotel209
210,Hotel210
211,Hotel211
212,Hotel212
213,Hotel213
214,Hotel214
215,Hotel215
216,Hotel216
217,Hotel217
218,Hotel218
219,Hotel219
220,Hotel220
221,Hotel221
222,Hotel222
223,Hotel223
224,Hotel224
225,Hotel225
226,Hotel226
227,Hotel227
228,Hotel228
229,Hotel229
230,Hotel230
231,Hotel231
232,Hotel232
233,Hotel233
234,Hotel234
235,Hotel235
236,Hotel236
237,Hotel237
238,Hotel238
239,Hotel239
240,Hotel240
241,Hotel241
242,Hotel242
243,Hotel243
244,Hotel244
245,Hotel245
246,Hotel246
247,Hotel247
248,Hotel248
249,Hotel249
250,Hotel250
251,Hotel251
252,Hotel252
253,Hotel253
254,Hotel254
255,Hotel255
256,Hotel256
257,Hotel257
258,Hotel258
259,Hotel259
260,Hotel260
261,Hotel261
262,Hotel262
263,Hotel263
264,Hotel264
265,Hotel265
266,Hotel266
267,Hotel267
268,Hotel268
269,Hotel269
270,Hotel270
271,Hotel271
272,Hotel272
273,Hotel273
274,Hotel274
275,Hotel275
276,Hotel276
277,Hotel277
278,Hotel278
279,Hotel279
280,Hotel280
281,Hotel281
282,Hotel282
283,Hotel283
284,Hotel284
285,Hotel285
286,Hotel286
287,Hotel287
288,Hotel288
289,Hotel289
290,Hotel290
291,Hotel291
292,Hotel292
293,Hotel293
294,Hotel294
295,Hotel295
296,Hotel296
297,Hotel297
298,Hotel298
299,Hotel299
300,Hotel300
301,Hotel301
302,Hotel302
303,Hotel303
304,Hotel304
305,Hotel305
306,Hotel306
307,Hotel307
308,Hotel308
309,Hotel309
310,Hotel310
311,Hotel311
312,Hotel312
313,Hotel313
314,Hotel314
315,Hotel315
316,Hotel316
317,Hotel317
318,Hotel318
319,Hotel319
320,Hotel320
321,Hotel321
322,Hotel322
323,Hotel323
324,Hotel324
325,Hotel325
326,Hotel326
327,Hotel327
328,Hotel328
329,Hotel329
330,Hotel330
331,Hotel331
332,Hotel332
333,Hotel333
334,Hotel334
335,Hotel335
336,Hotel336
337,Hotel337
338,Hotel338
339,Hotel339
340,Hotel340
341,Hotel341
342,Hotel342
343,Hotel343
344,Hotel344
345,Hotel345
346,Hotel346
347,Hotel347
348,Hotel348
349,Hotel349
350,Hotel350
351,Hotel351
352,Hotel352
353,Hotel353
354,Hotel354
355,Hotel355
356,Hotel356
357,Hotel357
358,Hotel358
359,Hotel359
360,Hotel360
361,Hotel361
362,Hotel362
363,Hotel363
364,Hotel364
365,Hotel365
366,Hotel366
367,Hotel367
368,Hotel368
369,Hotel369
370,Hotel370
371,Hotel371
372,Hotel372
373,Hotel373
374,Hotel374
375,Hotel375
376,Hotel376
377,Hotel377
378,Hotel378
379,Hotel379
380,Hotel380
381,Hotel381
382,Hotel382
383,Hotel383
384,Hotel384
385,Hotel385
386,Hotel386
387,Hotel387
388,Hotel388
389,Hotel389
390,Hotel390
391,Hotel391
392,Hotel392
393,Hotel393
394,Hotel394
395,Hotel395
396,Hotel396
397,Hotel397
398,Hotel398
399,Hotel399
400,Hotel400
401,Hotel401
402,Hotel402
403,Hotel403
404,Hotel404
405,Hotel405
406,Hotel406
407,Hotel407
408,Hotel408
409,Hotel409
410,Hotel410
411,Hotel411
412,Hotel412
413,Hotel413
414,Hotel414
415,Hotel415
416,Hotel416
417,Hotel417
418,Hotel418
419,Hotel419
420,Hotel420
421,Hotel421
422,Hotel422
423,Hotel423
424,Hotel424
425,Hotel425
426,Hotel426
427,Hotel427
428,Hotel428
429,Hotel429
430,Hotel430
431,Hotel431
432,Hotel432
433,Hotel433
434,Hotel434
435,Hotel435
436,Hotel436
437,Hotel437
438,Hotel438
439,Hotel439
440,Hotel440
441,Hotel441
442,Hotel442
443,Hotel443
444,Hotel444
445,Hotel445
446,Hotel446
447,Hotel447
448,Hotel448
449,Hotel449
450,Hotel450
451,Hotel451
452,Hotel452
453,Hotel453
454,Hotel454
455,Hotel455
456,Hotel456
457,Hotel457
458,Hotel458
459,Hotel459
460,Hotel460
461,Hotel461
462,Hotel462
463,Hotel463
464,Hotel464
465,Hotel465
466,Hotel466
467,Hotel467
468,Hotel468
469,Hotel469
470,Hotel470
471,Hotel471
472,Hotel472
473,Hotel473
474,Hotel474
475,Hotel475
476,Hotel476
477,Hotel477
478,Hotel478
479,Hotel479
480,Hotel480
481,Hotel481
482,Hotel482
483,Hotel483
484,Hotel484
485,Hotel485
486,Hotel486
487,Hotel487
488,Hotel488
489,Hotel489
490,Hotel490
491,Hotel491
492,Hotel492
493,Hotel493
494,Hotel494
495,Hotel495
496,Hotel496
497,Hotel497
498,Hotel498
499,Hotel499
500,Hotel500
501,Hotel501
502,Hotel502
503,Hotel503
504,Hotel504
505,Hotel505
506,Hotel506
507,Hotel507
508,Hotel508
509,Hotel509
510,Hotel510
511,Hotel511
512,Hotel512
513,Hotel513
514,Hotel514
515,Hotel515
516,Hotel516
517,Hotel517
518,Hotel518
519,Hotel519
520,Hotel520
521,Hotel521
522,Hotel522
523,Hotel523
524,Hotel524
525,Hotel525
526,Hotel526
527,Hotel527
528,Hotel528
529,Hotel529
530,Hotel530
531,Hotel531
532,Hotel532
533,Hotel533
534,Hotel534
535,Hotel535
536,Hotel536
537,Hotel537
538,Hotel538
539,Hotel539
540,Hotel540
541,Hotel541
542,Hotel542
543,Hotel543
544,Hotel544
545,Hotel545
546,Hotel546
547,Hotel547
548,Hotel548
549,Hotel549
550,Hotel550
551,Hotel551
552,Hotel552
553,Hotel553
554,Hotel554
555,Hotel555
556,Hotel556
557,Hotel557
558,Hotel558
559,Hotel559
560,Hotel560
561,Hotel561
562,Hotel562
563,Hotel563
564,Hotel564
565,Hotel565
566,Hotel566
567,Hotel567
568,Hotel568
569,Hotel569
570,Hotel570
571,Hotel571
572,Hotel572
573,Hotel573
574,Hotel574
575,Hotel575
576,Hotel576
577,Hotel577
578,Hotel578
579,Hotel579
580,Hotel580
581,Hotel581
582,Hotel582
583,Hotel583
584,Hotel584
585,Hotel585
586,Hotel586
587,Hotel587
588,Hotel588
589,Hotel589
590,Hotel590
591,Hotel591
592,Hotel592
593,Hotel593
594,Hotel594
595,Hotel595
596,Hotel596
597,Hotel597
598,Hotel598
599,Hotel599
600,Hotel600
601,Hotel601
602,Hotel602
603,Hotel603
604,Hotel604
605,Hotel605
606,Hotel606
607,Hotel607
608,Hotel608
609,Hotel609
610,Hotel610
611,Hotel611
612,Hotel612
613,Hotel613
614,Hotel614
615,Hotel615
616,Hotel616
617,Hotel617
618,Hotel618
619,Hotel619
620,Hotel620
621,Hotel621
622,Hotel622
623,Hotel623
624,Hotel624
625,Hotel625
626,Hotel626
627,Hotel627
628,Hotel628
629,Hotel629
630,Hotel630
631,Hotel631
632,Hotel632
633,Hotel633
634,Hotel634
635,Hotel635
636,Hotel636
637,Hotel637
638,Hotel638
639,Hotel639
640,Hotel640
641,Hotel641
642,Hotel642
643,Hotel643
644,Hotel644
645,Hotel645
646,Hotel646
647,Hotel647
648,Hotel648
649,Hotel649
650,Hotel650
651,Hotel651
652,Hotel652
653,Hotel653
654,Hotel654
655,Hotel655
656,Hotel656
657,Hotel657
658,Hotel658
659,Hotel659
660,Hotel660
661,Hotel661
662,Hotel662
663,Hotel663
664,Hotel664
665,Hotel665
666,Hotel666
667,Hotel667
668,Hotel668
669,Hotel669
670,Hotel670
671,Hotel671
672,Hotel672
673,Hotel673
674,Hotel674
675,Hotel675
676,Hotel676
677,Hotel677
678,Hotel678
679,Hotel679
680,Hotel680
681,Hotel681
682,Hotel682
683,Hotel683
684,Hotel684
685,Hotel685
686,Hotel686
687,Hotel687
688,Hotel688
689,Hotel689
690,Hotel690
691,Hotel691
692,Hotel692
693,Hotel693
694,Hotel694
695,Hotel695
696,Hotel696
697,Hotel697
698,Hotel698
699,Hotel699
700,Hotel700
701,Hotel701
702,Hotel702
703,Hotel703
704,Hotel704
705,Hotel705
706,Hotel706
707,Hotel707
708,Hotel708
709,Hotel709
710,Hotel710
711,Hotel711
712,Hotel712
713,Hotel713
714,Hotel714
715,Hotel715
716,Hotel716
717,Hotel717
718,Hotel718
719,Hotel719
720,Hotel720
721,Hotel721
722,Hotel722
723,Hotel723
724,Hotel724
725,Hotel725
726,Hotel726
727,Hotel727
728,Hotel728
729,Hotel729
730,Hotel730
731,Hotel731
732,Hotel732
733,Hotel733
734,Hotel734
735,Hotel735
736,Hotel736
737,Hotel737
738,Hotel738
739,Hotel739
740,Hotel740
741,Hotel741
742,Hotel742
743,Hotel743
744,Hotel744
745,Hotel745
746,Hotel746
747,Hotel747
748,Hotel748
749,Hotel749
750,Hotel750
751,Hotel751
752,Hotel752
753,Hotel753
754,Hotel754
755,Hotel755
756,Hotel756
757,Hotel757
758,Hotel758
759,Hotel759
760,Hotel760
761,Hotel761
762,Hotel762
763,Hotel763
764,Hotel764
765,Hotel765
766,Hotel766
767,Hotel767
768,Hotel768
769,Hotel769
770,Hotel770
771,Hotel771
772,Hotel772
773,Hotel773
774,Hotel774
775,Hotel775
776,Hotel776
777,Hotel777
778,Hotel778
779,Hotel779
780,Hotel780
781,Hotel781
782,Hotel782
783,Hotel783
784,Hotel784
785,Hotel785
786,Hotel786
787,Hotel787
788,Hotel788
789,Hotel789
790,Hotel790
791,Hotel791
792,Hotel792
793,Hotel793
794,Hotel794
795,Hotel795
796,Hotel796
797,Hotel797
798,Hotel798
799,Hotel799
800,Hotel800
801,Hotel801
802,Hotel802
803,Hotel803
804,Hotel804
805,Hotel805
806,Hotel806
807,Hotel807
808,Hotel808
809,Hotel809
810,Hotel810
811,Hotel811
812,Hotel812
813,Hotel813
814,Hotel814
815,Hotel815
816,Hotel816
817,Hotel817
818,Hotel818
819,Hotel819
820,Hotel820
821,Hotel821
822,Hotel822
823,Hotel823
824,Hotel824
825,Hotel825
826,Hotel826
827,Hotel827
828,Hotel828
829,Hotel829
830,Hotel830
831,Hotel831
832,Hotel832
833,Hotel833
834,Hotel834
835,Hotel835
836,Hotel836
837,Hotel837
838,Hotel838
839,Hotel839
840,Hotel840
841,Hotel841
842,Hotel842
843,Hotel843
844,Hotel844
845,Hotel845
846,Hotel846
847,Hotel847
848,Hotel848
849,Hotel849
850,Hotel850
851,Hotel851
852,Hotel852
853,Hotel853
854,Hotel854
855,Hotel855
856,Hotel856
857,Hotel857
858,Hotel858
859,Hotel859
860,Hotel860
861,Hotel861
862,Hotel862
863,Hotel863
864,Hotel864
865,Hotel865
866,Hotel866
867,Hotel867
868,Hotel868
869,Hotel869
870,Hotel870
871,Hotel871
872,Hotel872
873,Hotel873
874,Hotel874
875,Hotel875
876,Hotel876
877,Hotel877
878,Hotel878
879,Hotel879
880,Hotel880
881,Hotel881
882,Hotel882
883,Hotel883
884,Hotel884
885,Hotel885
886,Hotel886
887,Hotel887
888,Hotel888
889,Hotel889
890,Hotel890
891,Hotel891
892,Hotel892
893,Hotel893
894,Hotel894
895,Hotel895
896,Hotel896
897,Hotel897
898,Hotel898
899,Hotel899
900,Hotel900
901,Hotel901
902,Hotel902
903,Hotel903
904,Hotel904
905,Hotel905
906,Hotel906
907,Hotel907
908,Hotel908
909,Hotel909
910,Hotel910
911,Hotel911
912,Hotel912
913,Hotel913
914,Hotel914
915,Hotel915
916,Hotel916
917,Hotel917
918,Hotel918
919,Hotel919
920,Hotel920
921,Hotel921
922,Hotel922
923,Hotel923
924,Hotel924
925,Hotel925
926,Hotel926
927,Hotel927
928,Hotel928
929,Hotel929
930,Hotel930
931,Hotel931
932,Hotel932
933,Hotel933
934,Hotel934
935,Hotel935
936,Hotel936
937,Hotel937
938,Hotel938
939,Hotel939
940,Hotel940
941,Hotel941
942,Hotel942
943,Hotel943
944,Hotel944
945,Hotel945
946,Hotel946
947,Hotel947
948,Hotel948
949,Hotel949
950,Hotel950
951,Hotel951
952,Hotel952
953,Hotel953
954,Hotel954
955,Hotel955
956,Hotel956
957,Hotel957
958,Hotel958
959,Hotel959
960,Hotel960
961,Hotel961
962,Hotel962
963,Hotel963
964,Hotel964
965,Hotel965
966,Hotel966
967,Hotel967
968,Hotel968
969,Hotel969
970,Hotel970
971,Hotel971
972,Hotel972
973,Hotel973
974,Hotel974
975,Hotel975
976,Hotel976
977,Hotel977
978,Hotel978
979,Hotel979
980,Hotel980
981,Hotel981
982,Hotel982
983,Hotel983
984,Hotel984
985,Hotel985
986,Hotel986
987,Hotel987
988,Hotel988
989,Hotel989
990,Hotel990
991,Hotel991
992,Hotel992
993,Hotel993
994,Hotel994
995,Hotel995
996,Hotel996
997,Hotel997
998,Hotel998
999,Hotel999
1000,Hotel1000
